model,accuracy,precision,recall,f1
ResNet18,0.9002493765586035,0.9035205233749632,0.9002493765586035,0.8999611870080466
VGG16,0.8728179551122195,0.8790641187736684,0.8728179551122195,0.8744000174171581
