model,accuracy,precision,recall,f1
ResNet18,0.7083333333333334,0.774690934065934,0.7083333333333334,0.7275347459557986
VGG16,0.6388888888888888,0.6505726120857699,0.6388888888888888,0.6350783475783477
