model,accuracy,precision,recall,f1
ResNet18,0.6878980891719745,0.6924843539680557,0.6878980891719745,0.6860530861430474
VGG16,0.7770700636942676,0.7295795930626817,0.7770700636942676,0.7450420669803077
