model,accuracy,precision,recall,f1
ResNet18,0.6180555555555556,0.6331988860078748,0.6180555555555556,0.6172759506998637
VGG16,0.8263888888888888,0.8402916805694584,0.8263888888888888,0.7988766013958516
